1,4691,Heady Topper,The Alchemist,https://untappd.akamaized.net/site/beer_logos/beer-4691_eb933_sm.jpeg,https://untappd.akamaized.net/site/brewery_logos/brewery-1244_6ae46.jpeg
2,5755,Canadian Breakfast Stout (CBS),Founders Brewing Co.,https://untappd.akamaized.net/site/beer_logos/beer-5755_36521_sm.jpeg,https://untappd.akamaized.net/site/brewery_logos/brewery-549_53a84.jpeg
3,17663,Fou' Foune,Brasserie Cantillon,https://untappd.akamaized.net/site/beer_logos/beer-_17663_sm_48376e0fc0fe1a34b0cac9a69d9e43.jpeg,https://untappd.akamaized.net/site/brewery_logos/brewery-202_e0b98.jpeg
4,237985,Julius,Tree House Brewing Company,https://untappd.akamaized.net/site/beer_logos/beer-237985_c70fc_sm.jpeg,https://untappd.akamaized.net/site/brewery_logos/brewery-treehousebrewingcompany_20084.jpeg
5,24328,Lou Pepe Kriek,Brasserie Cantillon,https://untappd.akamaized.net/site/beer_logos/beer-LouPepeKriek_24328.jpeg,https://untappd.akamaized.net/site/brewery_logos/brewery-202_e0b98.jpeg
6,7936,Parabola,Firestone Walker Brewing Company,https://untappd.akamaized.net/site/beer_logos/beer-7936_94ff7_sm.jpeg,https://untappd.akamaized.net/site/brewery_logos/brewery-524_e835d.jpeg
7,9681,Kentucky Breakfast Stout (KBS),Founders Brewing Co.,https://untappd.akamaized.net/site/beer_logos/beer-FoundersKBS.jpg,https://untappd.akamaized.net/site/brewery_logos/brewery-549_53a84.jpeg
8,13559,Zombie Dust,3 Floyds Brewing Company,https://untappd.akamaized.net/site/beer_logos/beer-13559_aaaa4_sm.jpeg,https://untappd.akamaized.net/site/brewery_logos/brewery-2470_fbcd9.jpeg
9,9060,Hunahpu’s,Cigar City Brewing,https://untappd.akamaized.net/site/beer_logos/beer-9060_56ce7_sm.jpeg,https://untappd.akamaized.net/site/brewery_logos/brewery-379_8867c.jpeg
10,23105,Lou Pepe Framboise,Brasserie Cantillon,https://untappd.akamaized.net/site/beer_logos/beer-_23105_sm_0dae823ee23189fdecfc8cb37f1304.jpeg,https://untappd.akamaized.net/site/brewery_logos/brewery-202_e0b98.jpeg
11,45458,Focal Banger,The Alchemist,https://untappd.akamaized.net/site/beer_logos/beer-45458_e3a3c_sm.jpeg,https://untappd.akamaized.net/site/brewery_logos/brewery-1244_6ae46.jpeg
12,5775,Supplication,Russian River Brewing Company,https://untappd.akamaized.net/site/beer_logos/beer-5775_31019_sm.jpeg,https://untappd.akamaized.net/site/brewery_logos/brewery-russianRiver.jpg
13,6953,Black Tuesday,The Bruery,https://untappd.akamaized.net/site/beer_logos/beer-brueryBlackTuesday.jpg,https://untappd.akamaized.net/site/brewery_logos/brewery-1246_6c478.jpeg
14,636664,Sip of Sunshine,Lawson's Finest Liquids,https://untappd.akamaized.net/site/beer_logos/beer-636664_99f89_sm.jpeg,https://untappd.akamaized.net/site/brewery_logos/brewery-3758_41738.jpeg
15,32821,Black Note Stout,Bell's Brewery,https://untappd.akamaized.net/site/beer_logos/beer-355164_dd915_sm.jpeg,https://untappd.akamaized.net/site/brewery_logos/brewery-2507_ad044.jpeg
16,23271,Sucaba,Firestone Walker Brewing Company,https://untappd.akamaized.net/site/beer_logos/beer-23271_fd627_sm.jpeg,https://untappd.akamaized.net/site/brewery_logos/brewery-524_e835d.jpeg
17,8904,Speedway Stout (Barrel Aged),AleSmith Brewing Company,https://untappd.akamaized.net/site/beer_logos/beer-SpeedwayStoutBarrelAged_8904.jpeg,https://untappd.akamaized.net/site/brewery_logos/brewery-2471_6bfa2.jpeg
18,65644,Pseudo Sue,Toppling Goliath Brewing Co.,https://untappd.akamaized.net/site/beer_logos/beer-65644_27d48_sm.jpeg,https://untappd.akamaized.net/site/brewery_logos/brewery-7532_6617a.jpeg
19,6908,Consecration,Russian River Brewing Company,https://untappd.akamaized.net/site/beer_logos/beer-Consecration_6908.jpeg,https://untappd.akamaized.net/site/brewery_logos/brewery-russianRiver.jpg
20,348850,Bomb!,Prairie Artisan Ales,https://untappd.akamaized.net/site/beer_logos/beer-2594546_b6edf_sm.jpeg,https://untappd.akamaized.net/site/brewery_logos/brewery-prairieartisanales_37713.jpeg
21,23112,Lou Pepe Gueuze,Brasserie Cantillon,https://untappd.akamaized.net/site/beer_logos/beer-LouPepeGueuze_23112.jpeg,https://untappd.akamaized.net/site/brewery_logos/brewery-202_e0b98.jpeg
22,9659,Abrasive Ale,Surly Brewing Company,https://untappd.akamaized.net/site/beer_logos/beer-9659_ad461_sm.jpeg,https://untappd.akamaized.net/site/brewery_logos/brewery-2609_afd56.jpeg
23,2100546,Darkness,Surly Brewing Company,https://untappd.akamaized.net/site/beer_logos/beer-2100546_50c70_sm.jpeg,https://untappd.akamaized.net/site/brewery_logos/brewery-2609_afd56.jpeg
24,320527,The Abyss,Deschutes Brewery,https://untappd.akamaized.net/site/beer_logos/beer-320527_7b15a_sm.jpeg,https://untappd.akamaized.net/site/brewery_logos/brewery-441_51ca4.jpeg
25,1127,Trappist Westvleteren 8,Brouwerij De Sint-Sixtusabdij van Westvleteren,https://untappd.akamaized.net/site/beer_logos/beer-Trappist-Westvleteren-8.jpg,https://untappd.akamaized.net/site/brewery_logos/brewery-263_c4a6d.jpeg
26,4143,Hopslam Ale,Bell's Brewery,https://untappd.akamaized.net/site/beer_logos/beer-4143_90b4a_sm.jpeg,https://untappd.akamaized.net/site/brewery_logos/brewery-2507_ad044.jpeg
27,34269,Bourbon Barrel Aged Expedition Stout,Bell's Brewery,https://untappd.akamaized.net/site/beer_logos/beer-34269_4a3da_sm.jpeg,https://untappd.akamaized.net/site/brewery_logos/brewery-2507_ad044.jpeg
28,14236,3 Fonteinen Schaarbeekse Kriek,Brouwerij 3 Fonteinen,https://untappd.akamaized.net/site/beer_logos/beer-14236_c36d2_sm.jpeg,https://untappd.akamaized.net/site/brewery_logos/brewery-3562_fd387.jpeg
29,5805,Nelson,Alpine Beer Company,https://untappd.akamaized.net/site/beer_logos/beer-5805_c5824_sm.jpeg,https://untappd.akamaized.net/site/brewery_logos/brewery-29_19acf.jpeg
30,17241,Bourbon Barrel Barley Wine,Kuhnhenn Brewing Company,https://untappd.akamaized.net/site/beer_logos/beer-17241_97f3f_sm.jpeg,https://untappd.akamaized.net/site/brewery_logos/brewery-KuhnhennBrewingCompany_4557.jpeg
31,9661,Exponential Hoppiness,Alpine Beer Company,https://untappd.akamaized.net/site/beer_logos/beer-9661_fbbb4_sm.jpeg,https://untappd.akamaized.net/site/brewery_logos/brewery-29_19acf.jpeg
32,3528078,Stone Enjoy By Unfiltered IPA,Stone Brewing,https://untappd.akamaized.net/site/beer_logos/beer-3528078_530be_sm.jpeg,https://untappd.akamaized.net/site/brewery_logos/brewery-1204_a1e0b.jpeg
33,9683,Raspberry Eisbock,Kuhnhenn Brewing Company,https://untappd.akamaized.net/site/beer_logos/beer-9683_23a1a_sm.jpeg,https://untappd.akamaized.net/site/brewery_logos/brewery-KuhnhennBrewingCompany_4557.jpeg
34,2931,Wisconsin Belgian Red,New Glarus Brewing Company,https://untappd.akamaized.net/site/beer_logos/beer-2931_26736_sm.jpeg,https://untappd.akamaized.net/site/brewery_logos/brewery-NewGlarusBrewingCompany_907.jpeg
35,15132,Raspberry Tart,New Glarus Brewing Company,https://untappd.akamaized.net/site/beer_logos/beer-15132_d2e36_sm.jpeg,https://untappd.akamaized.net/site/brewery_logos/brewery-NewGlarusBrewingCompany_907.jpeg
36,6687,Victory at Sea,Ballast Point Brewing Company,https://untappd.akamaized.net/site/beer_logos/beer-_6687_sm_51f177d58ff585dac803f9cbf1acae.jpeg,https://untappd.akamaized.net/site/brewery_logos/brewery-68_bcee7.jpeg
37,5558,Sculpin,Ballast Point Brewing Company,https://untappd.akamaized.net/site/beer_logos/beer-_5558_sm_568370b6ade3c2ed1ffd9a311fa92f.jpeg,https://untappd.akamaized.net/site/brewery_logos/brewery-68_bcee7.jpeg
38,4744,Ten FIDY,Oskar Blues Brewery,https://untappd.akamaized.net/site/beer_logos/beer-4744_e459c_sm.jpeg,https://untappd.akamaized.net/site/brewery_logos/brewery-956_9066d.jpeg
39,36432,Kriek 100% Lambic,Brasserie Cantillon,https://untappd.akamaized.net/site/beer_logos/beer-_36432_sm_e31004306b01c94f341160f9016eec.jpeg,https://untappd.akamaized.net/site/brewery_logos/brewery-202_e0b98.jpeg
40,77637,Big Bad Baptist,"Epic Brewing Co. (Utah, Colorado)",https://untappd.akamaized.net/site/beer_logos/beer-77637_541a4_sm.jpeg,https://untappd.akamaized.net/site/brewery_logos/brewery-EpicBrewingCo_7216.jpeg
41,49892,Lunch,Maine Beer Company,https://untappd.akamaized.net/site/beer_logos/beer-49892_ce39b_sm.jpeg,https://untappd.akamaized.net/site/brewery_logos/brewery-2874_38925.jpeg
42,4041,Blind Pig IPA,Russian River Brewing Company,https://untappd.akamaized.net/site/beer_logos/beer-russianriverBlindPig.jpg,https://untappd.akamaized.net/site/brewery_logos/brewery-russianRiver.jpg
43,4586,Imperial Stout,Founders Brewing Co.,https://untappd.akamaized.net/site/beer_logos/beer-4586_b40d4_sm.jpeg,https://untappd.akamaized.net/site/brewery_logos/brewery-549_53a84.jpeg
44,6830,Backwoods Bastard,Founders Brewing Co.,https://untappd.akamaized.net/site/beer_logos/beer-6830_66eb0_sm.jpeg,https://untappd.akamaized.net/site/brewery_logos/brewery-549_53a84.jpeg
45,5279,HefeWeizen,Live Oak Brewing Company,https://untappd.akamaized.net/site/beer_logos/beer-5279_2107a_sm.jpeg,https://untappd.akamaized.net/site/brewery_logos/brewery-LiveOakBrewing_797.jpeg
46,1311232,Stone Xocoveza,Stone Brewing,https://untappd.akamaized.net/site/beer_logos/beer-1311232_3fe12_sm.jpeg,https://untappd.akamaized.net/site/brewery_logos/brewery-1204_a1e0b.jpeg
47,281819,Dark Lord,3 Floyds Brewing Company,https://untappd.akamaized.net/site/beer_logos/beer-281819_fd5d9_sm.jpeg,https://untappd.akamaized.net/site/brewery_logos/brewery-2470_fbcd9.jpeg
48,129531,Imperial Biscotti Break,Evil Twin Brewing,https://untappd.akamaized.net/site/beer_logos/beer-129531_5a964_sm.jpeg,https://untappd.akamaized.net/site/brewery_logos/brewery-3735_539d4.jpeg
49,13142,Rosé de Gambrinus,Brasserie Cantillon,https://untappd.akamaized.net/site/beer_logos/beer-RosedeGambrinus_13142.jpeg,https://untappd.akamaized.net/site/brewery_logos/brewery-202_e0b98.jpeg
50,10050,Double Jack,Firestone Walker Brewing Company,https://untappd.akamaized.net/site/beer_logos/beer-10050_df0c4_sm.jpeg,https://untappd.akamaized.net/site/brewery_logos/brewery-524_e835d.jpeg
51,285026,Lagunitas Sucks,Lagunitas Brewing Company,https://untappd.akamaized.net/site/beer_logos/beer-285026_b50eb_sm.jpeg,https://untappd.akamaized.net/site/brewery_logos/brewery-765_b53eb.jpeg
52,37945,Gouden Carolus Cuvée van de Keizer Imperial Dark,Brouwerij Het Anker,https://untappd.akamaized.net/site/beer_logos/beer-37945_ceab7_sm.jpeg,https://untappd.akamaized.net/site/brewery_logos/brewery-284_c938f.jpeg
53,8381,Sanctification,Russian River Brewing Company,https://untappd.akamaized.net/site/beer_logos/beer-russianRiverSanctification.jpg,https://untappd.akamaized.net/site/brewery_logos/brewery-russianRiver.jpg
54,1256,Pure Hoppiness,Alpine Beer Company,https://untappd.akamaized.net/site/beer_logos/beer-1256_109d6_sm.jpeg,https://untappd.akamaized.net/site/brewery_logos/brewery-29_19acf.jpeg
55,11845,Head Hunter IPA,Fat Head's Brewery,https://untappd.akamaized.net/site/beer_logos/beer-HeadHunterIPA_11845.jpeg,https://untappd.akamaized.net/site/brewery_logos/brewery-FatHeadsBrewery_2192.jpeg
56,5804,Duet,Alpine Beer Company,https://untappd.akamaized.net/site/beer_logos/beer-5804_f90b2_sm.jpeg,https://untappd.akamaized.net/site/brewery_logos/brewery-29_19acf.jpeg
57,285658,Grapefruit Sculpin,Ballast Point Brewing Company,https://untappd.akamaized.net/site/beer_logos/beer-285658_5908f_sm.jpeg,https://untappd.akamaized.net/site/brewery_logos/brewery-68_bcee7.jpeg
58,1171,Masala Mama,Minneapolis Town Hall Brewery,https://untappd.akamaized.net/site/beer_logos/beer-MasalaMama_1171.jpeg,https://untappd.akamaized.net/site/brewery_logos/brewery-MinneapolisTownHallBrewery_869.jpeg
59,355380,Stone RuinTen Triple IPA,Stone Brewing,https://untappd.akamaized.net/site/beer_logos/beer-355380_e8f7a_sm.jpeg,https://untappd.akamaized.net/site/brewery_logos/brewery-1204_a1e0b.jpeg
60,3757,Nugget Nectar,Tröegs Independent Brewing,https://untappd.akamaized.net/site/beer_logos/beer-3757_1b370_sm.jpeg,https://untappd.akamaized.net/site/brewery_logos/brewery-2583_46be7.jpeg
61,14597,3 Fonteinen Oude Kriek,Brouwerij 3 Fonteinen,https://untappd.akamaized.net/site/beer_logos/beer-14597_f06a5_sm.jpeg,https://untappd.akamaized.net/site/brewery_logos/brewery-3562_fd387.jpeg
62,5772,Plead The 5th Imperial Stout,Dark Horse Brewing Co.,https://untappd.akamaized.net/site/beer_logos/beer-5772_8306a_sm.jpeg,https://untappd.akamaized.net/site/brewery_logos/brewery-DarkHorseBrewingCo_426.jpeg
63,1517,Andechser Doppelbock Dunkel,Klosterbrauerei Andechs,https://untappd.akamaized.net/site/beer_logos/beer-1517_b513e_sm.jpeg,https://untappd.akamaized.net/site/brewery_logos/brewery-KlosterbrauereiAndechs_5758.jpeg
64,6732,Curieux,Allagash Brewing Company,https://untappd.akamaized.net/site/beer_logos/beer-6732_14907_sm.jpeg,https://untappd.akamaized.net/site/brewery_logos/brewery-24_9c24f.jpeg
65,22363,Wake-n-Bake Coffee Oatmeal Imperial Stout,Terrapin Beer Co. ,https://untappd.akamaized.net/site/beer_logos/beer-22363_8c677_sm.jpeg,https://untappd.akamaized.net/site/brewery_logos/brewery-1243_f9dda.jpeg
66,6511,Tripel Karmeliet,Brouwerij Bosteels,https://untappd.akamaized.net/site/beer_logos/beer-6511_10d60_sm.jpeg,https://untappd.akamaized.net/site/brewery_logos/brewery-269_15150.jpeg
67,7808,Furious,Surly Brewing Company,https://untappd.akamaized.net/site/beer_logos/beer-7808_69b64_sm.jpeg,https://untappd.akamaized.net/site/brewery_logos/brewery-2609_afd56.jpeg
68,424316,DirtWolf Double IPA,Victory Brewing Company,https://untappd.akamaized.net/site/beer_logos/beer-424316_53377_sm.jpeg,https://untappd.akamaized.net/site/brewery_logos/brewery-1326_4578e.jpeg
69,1804,Oude Gueuze,Hanssens Artisanaal,https://untappd.akamaized.net/site/beer_logos/beer-1804_791a1_sm.jpeg,https://untappd.akamaized.net/site/brewery_logos/brewery-630_188d2.jpeg
70,7408,Weihenstephaner Vitus,Bayerische Staatsbrauerei Weihenstephan,https://untappd.akamaized.net/site/beer_logos/beer-7408_a806b_sm.jpeg,https://untappd.akamaized.net/site/brewery_logos/brewery-88_ae3c3.jpeg
71,5190,Espresso Oak Aged Yeti,Great Divide Brewing Company,https://untappd.akamaized.net/site/beer_logos/beer-gdEspressoOakAgedYeti.jpg,https://untappd.akamaized.net/site/brewery_logos/brewery-604_87f5e.jpeg
72,4888,Choklat,Southern Tier Brewing Company,https://untappd.akamaized.net/site/beer_logos/beer-4888_de12f_sm.jpeg,https://untappd.akamaized.net/site/brewery_logos/brewery-4586_47eba.jpeg
73,80263,Double Bastard Ale,Arrogant Consortia,https://untappd.akamaized.net/site/beer_logos/beer-_80263_sm_fcc3fb9a4457d5c4c68e39c35d3ff7.jpeg,https://untappd.akamaized.net/site/brewery_logos/brewery-234399_a8943.jpeg
74,5724,Jai Alai,Cigar City Brewing,https://untappd.akamaized.net/site/beer_logos/beer-5724_8eaee_sm.jpeg,https://untappd.akamaized.net/site/brewery_logos/brewery-379_8867c.jpeg
75,5776,Arctic Panzer Wolf,3 Floyds Brewing Company,https://untappd.akamaized.net/site/beer_logos/beer-5776_aef7a_sm.jpeg,https://untappd.akamaized.net/site/brewery_logos/brewery-2470_fbcd9.jpeg
76,932,Oak Aged Yeti,Great Divide Brewing Company,https://untappd.akamaized.net/site/beer_logos/beer-greatDivideOakYeti.jpg,https://untappd.akamaized.net/site/brewery_logos/brewery-604_87f5e.jpeg
77,86964,Courage Russian Imperial Stout,Eagle Brewery (formerly Charles Wells),https://untappd.akamaized.net/site/beer_logos/beer-86964_6e0b8_sm.jpeg,https://untappd.akamaized.net/site/brewery_logos/brewery-1348_2ff7c.jpeg
78,4681,Trappist Westvleteren Blond,Brouwerij De Sint-Sixtusabdij van Westvleteren,https://untappd.akamaized.net/site/beer_logos/beer-Trappist-Westvleteren-Blond.jpg,https://untappd.akamaized.net/site/brewery_logos/brewery-263_c4a6d.jpeg
79,7652,Brewer's Reserve Bourbon Barrel Stout,Central Waters Brewing Company,https://untappd.akamaized.net/site/beer_logos/beer-7652_127a3_sm.jpeg,https://untappd.akamaized.net/site/brewery_logos/brewery-358_e71fc.jpeg
80,219082,Organic Chocolate Stout,Samuel Smith,https://untappd.akamaized.net/site/beer_logos/beer-_219082_efeb8e8b90842dbc266b0c60ec1a.jpeg,https://untappd.akamaized.net/site/brewery_logos/brewery-SamuelSmithOldBreweryTadcaster_1099.jpeg
81,481,Tripel,Brouwerij St. Bernardus,https://untappd.akamaized.net/site/beer_logos/beer-481_f4e62_sm.jpeg,https://untappd.akamaized.net/site/brewery_logos/brewery-296_72f92.jpeg
82,59622,Fresh Squeezed IPA,Deschutes Brewery,https://untappd.akamaized.net/site/beer_logos/beer-59622_cc76d_sm.jpeg,https://untappd.akamaized.net/site/brewery_logos/brewery-441_51ca4.jpeg
83,14082,Cuvee de Tomme,The Lost Abbey,https://untappd.akamaized.net/site/beer_logos/beer-14082_3ef8b_sm.jpeg,https://untappd.akamaized.net/site/brewery_logos/brewery-2712_0b00a.jpeg
84,4515,The Maharaja,Avery Brewing Co.,https://untappd.akamaized.net/site/beer_logos/beer-4515_52480_sm.jpeg,https://untappd.akamaized.net/site/brewery_logos/brewery-62_00c58.jpeg
85,6105,Burton Baton,Dogfish Head Craft Brewery,https://untappd.akamaized.net/site/beer_logos/beer-6105_5a13b_sm.jpeg,https://untappd.akamaized.net/site/brewery_logos/brewery-459_75746.jpeg
86,12609,Liberator Doppelbock,Thomas Hooker Brewing Co.,https://untappd.akamaized.net/site/beer_logos/beer-Liberator_12609.jpeg,https://untappd.akamaized.net/site/brewery_logos/brewery-1258_187a1.jpeg
87,5409,Behemoth,3 Floyds Brewing Company,https://untappd.akamaized.net/site/beer_logos/beer-5409_64049_sm.jpeg,https://untappd.akamaized.net/site/brewery_logos/brewery-2470_fbcd9.jpeg
88,1793,IPA,AleSmith Brewing Company,https://untappd.akamaized.net/site/beer_logos/beer-1793_21474_sm.jpeg,https://untappd.akamaized.net/site/brewery_logos/brewery-2471_6bfa2.jpeg
89,1425,Hop Rod Rye™,Bear Republic Brewing Co.,https://untappd.akamaized.net/site/beer_logos/beer-HopRodRye_1425.jpeg,https://untappd.akamaized.net/site/brewery_logos/brewery-bearrepublicbrewingco_94.jpeg
90,851,Orval,Brasserie d'Orval,https://untappd.akamaized.net/site/beer_logos/beer-_851_sm_dea4336507303b85f2bd4d5fa3faf9.jpeg,https://untappd.akamaized.net/site/brewery_logos/brewery-BrasseriedOrval_169.jpeg
91,6373,"West Coast IPA (-2013, 2019-)",Green Flash Brewing Company,https://untappd.akamaized.net/site/beer_logos/beer-6373_f9876_sm.jpeg,https://untappd.akamaized.net/site/brewery_logos/brewery-609_ba97b.jpeg
92,4653,OAKED Arrogant Bastard Ale,Arrogant Consortia,https://untappd.akamaized.net/site/beer_logos/beer-stoneOakedArrogantBastard.jpg,https://untappd.akamaized.net/site/brewery_logos/brewery-234399_a8943.jpeg
93,8,Oatmeal Stout,Samuel Smith,https://untappd.akamaized.net/site/beer_logos/beer-8_5f4cd_sm.jpeg,https://untappd.akamaized.net/site/brewery_logos/brewery-SamuelSmithOldBreweryTadcaster_1099.jpeg
94,19331,Kriek De Ranke,Brouwerij De Ranke,https://untappd.akamaized.net/site/beer_logos/beer-19331_338fe_sm.jpeg,https://untappd.akamaized.net/site/brewery_logos/brewery-277_35c5e.jpeg
95,14891,Abbaye des Rocs Brune,Brasserie de l'Abbaye des Rocs,https://untappd.akamaized.net/site/beer_logos/beer-14891_7fbd5_sm.jpeg,https://untappd.akamaized.net/site/brewery_logos/brewery-174_53371.jpeg
96,1365,Stille Nacht,Brouwerij De Dolle Brouwers,https://untappd.akamaized.net/site/beer_logos/beer-StilleNacht_1365.jpeg,https://untappd.akamaized.net/site/brewery_logos/brewery-272_3f5a8.jpeg
97,86430,Vintage Ale,Fuller's Brewery,https://untappd.akamaized.net/site/beer_logos/beer-86430_feed1_sm.jpeg,https://untappd.akamaized.net/site/brewery_logos/brewery-3296_73351.jpeg
98,833,Yeti,Great Divide Brewing Company,https://untappd.akamaized.net/site/beer_logos/beer-833_d2ec2_sm.jpeg,https://untappd.akamaized.net/site/brewery_logos/brewery-604_87f5e.jpeg
99,4487,Palo Santo Marron,Dogfish Head Craft Brewery,https://untappd.akamaized.net/site/beer_logos/beer-4487_3406d_sm.jpeg,https://untappd.akamaized.net/site/brewery_logos/brewery-459_75746.jpeg
100,25796,A Little Sumpin' Sumpin' Ale,Lagunitas Brewing Company,https://untappd.akamaized.net/site/beer_logos/beer-25796_43b95_sm.jpeg,https://untappd.akamaized.net/site/brewery_logos/brewery-765_b53eb.jpeg
101,47816,Goudenband,Brouwerij Liefmans,https://untappd.akamaized.net/site/beer_logos/beer-47816_f04d7_sm.jpeg,https://untappd.akamaized.net/site/brewery_logos/brewery-287_dcfcf.jpeg
102,3901,Hop-15 Ale,Port Brewing Company,https://untappd.akamaized.net/site/beer_logos/beer-Hop15Ale_3901.jpeg,https://untappd.akamaized.net/site/brewery_logos/brewery-portbrewingcompany_1009.jpeg
103,1545374,Double IPA,AleSmith Brewing Company,https://untappd.akamaized.net/site/beer_logos/beer-1545374_76638_sm.jpeg,https://untappd.akamaized.net/site/brewery_logos/brewery-2471_6bfa2.jpeg
104,2478081,Wood-Aged Bitches Brew,Dogfish Head Craft Brewery,https://untappd.akamaized.net/site/beer_logos/beer-2478081_e1595_sm.jpeg,https://untappd.akamaized.net/site/brewery_logos/brewery-459_75746.jpeg
105,3622,Obsidian Stout,Deschutes Brewery,https://untappd.akamaized.net/site/beer_logos/beer-3622_b362c_sm.jpeg,https://untappd.akamaized.net/site/brewery_logos/brewery-441_51ca4.jpeg
106,11810,Hoptimum,Sierra Nevada Brewing Co.,https://untappd.akamaized.net/site/beer_logos/beer-11810_7e986_sm.jpeg,https://untappd.akamaized.net/site/brewery_logos/brewery-1142_ddcfe.jpeg
107,5437,Double Trouble,Founders Brewing Co.,https://untappd.akamaized.net/site/beer_logos/beer-FoundersDoubleTrouble.jpg,https://untappd.akamaized.net/site/brewery_logos/brewery-549_53a84.jpeg
108,5180,Hop Stoopid,Lagunitas Brewing Company,https://untappd.akamaized.net/site/beer_logos/beer-5180_c12d7_sm.jpeg,https://untappd.akamaized.net/site/brewery_logos/brewery-765_b53eb.jpeg
109,46538,Kriek Mariage Parfait,Brouwerij Boon,https://untappd.akamaized.net/site/beer_logos/beer-46538_c3458_sm.jpeg,https://untappd.akamaized.net/site/brewery_logos/brewery-268_452e8.jpeg
110,25654,Oude Kriek (Vieille),Brouwerij Oud Beersel,https://untappd.akamaized.net/site/beer_logos/beer-_25654_sm_0ad84b2561aada098d5176eb2162f1.jpeg,https://untappd.akamaized.net/site/brewery_logos/brewery-290_29247.jpeg
111,10601,Cadillac Mountain Stout,Atlantic Brewing Company,https://untappd.akamaized.net/site/beer_logos/beer-1636521_e8886_sm.jpeg,https://untappd.akamaized.net/site/brewery_logos/brewery-55_bc1f1.jpeg
112,876,Terrible,Unibroue,https://untappd.akamaized.net/site/beer_logos/beer-876_0b371_sm.jpeg,https://untappd.akamaized.net/site/brewery_logos/brewery-1307_2b88e.jpeg
113,4594,Red's Rye IPA,Founders Brewing Co.,https://untappd.akamaized.net/site/beer_logos/beer-4594_41e92_sm.jpeg,https://untappd.akamaized.net/site/brewery_logos/brewery-549_53a84.jpeg
114,20380,Zonker Stout,Snake River Brewing,https://untappd.akamaized.net/site/beer_logos/beer-20380_e3617_sm.jpeg,https://untappd.akamaized.net/site/brewery_logos/brewery-4876_125c5.jpeg
115,2346,Moinette Blonde,Brasserie Dupont,https://untappd.akamaized.net/site/beer_logos/beer-2346_2b0cc_sm.jpeg,https://untappd.akamaized.net/site/brewery_logos/brewery-BrasserieDupont_189.jpeg
116,12059,Sinebrychoff Porter,Sinebrychoff,https://untappd.akamaized.net/site/beer_logos/beer-SinebrychoffPorter_12059.jpeg,https://untappd.akamaized.net/site/brewery_logos/brewery-OySinebrychoffCarlsbergGroup_961.jpeg
117,811,Wee Heavy,AleSmith Brewing Company,https://untappd.akamaized.net/site/beer_logos/beer-811_2ec21_sm.jpeg,https://untappd.akamaized.net/site/brewery_logos/brewery-2471_6bfa2.jpeg
118,10052,Aecht Schlenkerla Rauchbier - Urbock,"Schlenkerla (""Heller-Bräu"" Trum)",https://untappd.akamaized.net/site/beer_logos/beer-AechtSchlenkerlaRauchbierUrbock_10052.jpeg,https://untappd.akamaized.net/site/brewery_logos/brewery-2001_78248.jpeg
119,1830,La Trappe Quadrupel,Bierbrouwerij De Koningshoeven,https://untappd.akamaized.net/site/beer_logos/beer-1830_127ca_sm.jpeg,https://untappd.akamaized.net/site/brewery_logos/brewery-bierbrouwerijdekoningshoeven_110.jpeg
120,2241,Taddy Porter,Samuel Smith,https://untappd.akamaized.net/site/beer_logos/beer-2241_f2fd5_sm.jpeg,https://untappd.akamaized.net/site/brewery_logos/brewery-SamuelSmithOldBreweryTadcaster_1099.jpeg
121,14,Imperial Stout,Samuel Smith,https://untappd.akamaized.net/site/beer_logos/beer-14_8ae79_sm.jpeg,https://untappd.akamaized.net/site/brewery_logos/brewery-SamuelSmithOldBreweryTadcaster_1099.jpeg
122,4178,Chocolate Stout,Rogue Ales,https://untappd.akamaized.net/site/beer_logos/beer-4178_f87d4_sm.jpeg,https://untappd.akamaized.net/site/brewery_logos/brewery-4565_45182.jpeg
123,6510,Abbey Ale,Brewery Ommegang,https://untappd.akamaized.net/site/beer_logos/beer-6510_969c6_sm.jpeg,https://untappd.akamaized.net/site/brewery_logos/brewery-249_7b1c1.jpeg
124,10891,Tank 7,Boulevard Brewing Co.,https://untappd.akamaized.net/site/beer_logos/beer-10891_0c3e3_sm.jpeg,https://untappd.akamaized.net/site/brewery_logos/brewery-1514_2003e.jpeg
125,351,Boskeun,Brouwerij De Dolle Brouwers,https://untappd.akamaized.net/site/beer_logos/beer-Boskeun_351.jpeg,https://untappd.akamaized.net/site/brewery_logos/brewery-272_3f5a8.jpeg
126,4018,Oatmeal Stout,Ipswich Ale Brewery,https://untappd.akamaized.net/site/beer_logos/beer-4018_c430f_sm.jpeg,https://untappd.akamaized.net/site/brewery_logos/brewery-9341_69e34.jpeg
127,871,Kasteel Donker,Kasteel Brouwerij Vanhonsebrouck,https://untappd.akamaized.net/site/beer_logos/beer-871_f1511_sm.jpeg,https://untappd.akamaized.net/site/brewery_logos/brewery-303_0578c.jpeg
128,3354,Jacobite Ale,Traquair House Brewery,https://untappd.akamaized.net/site/beer_logos/beer-JacobiteAle_3354.jpeg,https://untappd.akamaized.net/site/brewery_logos/brewery-TraquairHouseBrewery_1281.jpeg
129,115100,Doggie Claws,Hair of the Dog Brewing Company,https://untappd.akamaized.net/site/beer_logos/beer-DoggieClaws_115100.jpeg,https://untappd.akamaized.net/site/brewery_logos/brewery-HairoftheDogBrewingCompany_622.jpeg
130,882,Avec Les Bons Voeux,Brasserie Dupont,https://untappd.akamaized.net/site/beer_logos/beer-882_c9a72_sm.jpeg,https://untappd.akamaized.net/site/brewery_logos/brewery-BrasserieDupont_189.jpeg
131,4084,Smoked Porter,Alaskan Brewing Co.,https://untappd.akamaized.net/site/beer_logos/beer-4084_2b271_sm.jpeg,https://untappd.akamaized.net/site/brewery_logos/brewery-17_d164f.jpeg
132,21768,Ayinger Bräuweisse,Ayinger Privatbrauerei,https://untappd.akamaized.net/site/beer_logos/beer-21768_6bbe7_sm.jpeg,https://untappd.akamaized.net/site/brewery_logos/brewery-10915_40d60.jpeg
133,3935,Insanity,Weyerbacher Brewing Company,https://untappd.akamaized.net/site/beer_logos/beer-_3935_sm_6aa28eb3838678933569098f6d3d83.jpeg,https://untappd.akamaized.net/site/brewery_logos/brewery-weyerbacherbrewingcompany_1352.jpeg
134,14590,Palate Wrecker,Green Flash Brewing Company,https://untappd.akamaized.net/site/beer_logos/beer-14590_e43dc_sm.jpeg,https://untappd.akamaized.net/site/brewery_logos/brewery-609_ba97b.jpeg
135,263666,Narwhal Imperial Stout,Sierra Nevada Brewing Co.,https://untappd.akamaized.net/site/beer_logos/beer-263666_cf1b2_sm.jpeg,https://untappd.akamaized.net/site/brewery_logos/brewery-1142_ddcfe.jpeg
136,402,Hennepin Farmhouse Saison,Brewery Ommegang,https://untappd.akamaized.net/site/beer_logos/beer-402_a1975_sm.jpeg,https://untappd.akamaized.net/site/brewery_logos/brewery-249_7b1c1.jpeg
137,6765,Three Philosophers,Brewery Ommegang,https://untappd.akamaized.net/site/beer_logos/beer-6765_848a6_sm.jpeg,https://untappd.akamaized.net/site/brewery_logos/brewery-249_7b1c1.jpeg
138,877,DeuS (Brut des Flandres),Brouwerij Bosteels,https://untappd.akamaized.net/site/beer_logos/beer-877_542c5_sm.jpeg,https://untappd.akamaized.net/site/brewery_logos/brewery-269_15150.jpeg
139,2245,House Ale,Traquair House Brewery,https://untappd.akamaized.net/site/beer_logos/beer-HouseAle_2245.jpeg,https://untappd.akamaized.net/site/brewery_logos/brewery-TraquairHouseBrewery_1281.jpeg
140,10722,Trappistes Rochefort 6,Abbaye Notre-Dame de Saint-Rémy,https://untappd.akamaized.net/site/beer_logos/beer-10722_297d8_sm.jpeg,https://untappd.akamaized.net/site/brewery_logos/brewery-1650_01268.jpeg
141,4043,Don de Dieu,Unibroue,https://untappd.akamaized.net/site/beer_logos/beer-unibroueDon-De-Dieu.jpg,https://untappd.akamaized.net/site/brewery_logos/brewery-1307_2b88e.jpeg
142,6565,Northern Hemisphere Harvest Wet Hop Ale,Sierra Nevada Brewing Co.,https://untappd.akamaized.net/site/beer_logos/beer-_6565_b18fe98972487e645d2b56ed444a.jpeg,https://untappd.akamaized.net/site/brewery_logos/brewery-1142_ddcfe.jpeg
143,7249,Daisy Cutter Pale Ale,Half Acre Beer Company,https://untappd.akamaized.net/site/beer_logos/beer-halfAcreDaisyCutter.jpg,https://untappd.akamaized.net/site/brewery_logos/brewery-1862_d6728.jpeg
144,4072,Chimay Red / Rouge / Rood (Première),Bières de Chimay,https://untappd.akamaized.net/site/beer_logos/beer-4072_84d92_sm.jpeg,https://untappd.akamaized.net/site/brewery_logos/brewery-378_cfb6c.jpeg
145,20951,Bigfoot,Sierra Nevada Brewing Co.,https://untappd.akamaized.net/site/beer_logos/beer-20951_663bc_sm.jpeg,https://untappd.akamaized.net/site/brewery_logos/brewery-1142_ddcfe.jpeg
146,4997,Torpedo Extra IPA,Sierra Nevada Brewing Co.,https://untappd.akamaized.net/site/beer_logos/beer-4997_fe560_sm.jpeg,https://untappd.akamaized.net/site/brewery_logos/brewery-1142_ddcfe.jpeg
147,442,Val-Dieu Triple,Brasserie de l'Abbaye du Val-Dieu,https://untappd.akamaized.net/site/beer_logos/beer-ValDieuTriple_442.jpeg,https://untappd.akamaized.net/site/brewery_logos/brewery-BrasseriedelAbbayeduValDieu_175.jpeg
148,1347,Oude Kriek,Hanssens Artisanaal,https://untappd.akamaized.net/site/beer_logos/beer-1347_b2d1d_sm.jpeg,https://untappd.akamaized.net/site/brewery_logos/brewery-630_188d2.jpeg
149,356,Gouden Carolus Tripel,Brouwerij Het Anker,https://untappd.akamaized.net/site/beer_logos/beer-356_e2231_sm.jpeg,https://untappd.akamaized.net/site/brewery_logos/brewery-284_c938f.jpeg
150,29149,Geuze Mariage Parfait,Brouwerij Boon,https://untappd.akamaized.net/site/beer_logos/beer-OudeGeuzeMariageParfait_29149.jpeg,https://untappd.akamaized.net/site/brewery_logos/brewery-268_452e8.jpeg
151,3902,Old Viscosity,Port Brewing Company,https://untappd.akamaized.net/site/beer_logos/beer-PortBrewingOldViscosity.jpg,https://untappd.akamaized.net/site/brewery_logos/brewery-portbrewingcompany_1009.jpeg
152,1424,Tripel,Allagash Brewing Company,https://untappd.akamaized.net/site/beer_logos/beer-1424_e487e_sm.jpeg,https://untappd.akamaized.net/site/brewery_logos/brewery-24_9c24f.jpeg
153,9144,Shakespeare Oatmeal Stout,Rogue Ales,https://untappd.akamaized.net/site/beer_logos/beer-9144_a9d67_sm.jpeg,https://untappd.akamaized.net/site/brewery_logos/brewery-4565_45182.jpeg
154,10049,Chimay Triple / Tripel (Cinq Cents),Bières de Chimay,https://untappd.akamaized.net/site/beer_logos/beer-10049_caa4d_sm.jpeg,https://untappd.akamaized.net/site/brewery_logos/brewery-378_cfb6c.jpeg
155,4485,Delirium Tremens,Huyghe Brewery,https://untappd.akamaized.net/site/beer_logos/beer-4485_a0f83_sm.jpeg,https://untappd.akamaized.net/site/brewery_logos/brewery-285_5020c.jpeg
156,20605,XS Imperial India Pale Ale (I²PA),Rogue Ales,https://untappd.akamaized.net/site/beer_logos/beer-XSImperialIndiaPaleAleIPA_20605.jpeg,https://untappd.akamaized.net/site/brewery_logos/brewery-4565_45182.jpeg
157,2961,Apple Ale,New Glarus Brewing Company,https://untappd.akamaized.net/site/beer_logos/beer-2961_51214_sm.jpeg,https://untappd.akamaized.net/site/brewery_logos/brewery-NewGlarusBrewingCompany_907.jpeg
158,9377,Siberian Night,Thirsty Dog Brewing Company,https://untappd.akamaized.net/site/beer_logos/beer-SiberianNight_9377.jpeg,https://untappd.akamaized.net/site/brewery_logos/brewery-ThirstyDogBrewingCompany_2488.jpeg
159,1557,Big Bear Black Stout™,Bear Republic Brewing Co.,https://untappd.akamaized.net/site/beer_logos/beer-BigBearBlackStout_1557.jpeg,https://untappd.akamaized.net/site/brewery_logos/brewery-bearrepublicbrewingco_94.jpeg
160,5161,Robust Porter,Smuttynose Brewing Co.,https://untappd.akamaized.net/site/beer_logos/beer-5161_cab91_sm.jpeg,https://untappd.akamaized.net/site/brewery_logos/brewery-1160_6bec5.jpeg
161,128043,Old Stock Ale,North Coast Brewing Company,https://untappd.akamaized.net/site/beer_logos/beer-128043_f3ef4_sm.jpeg,https://untappd.akamaized.net/site/brewery_logos/brewery-NorthCoastBrewingCompany_919_d2110.jpeg
162,419,Hercules Double IPA,Great Divide Brewing Company,https://untappd.akamaized.net/site/beer_logos/beer-419_3819e_sm.jpeg,https://untappd.akamaized.net/site/brewery_logos/brewery-604_87f5e.jpeg
163,1456,Centennial IPA,Founders Brewing Co.,https://untappd.akamaized.net/site/beer_logos/beer-1456_a771f_sm.jpeg,https://untappd.akamaized.net/site/brewery_logos/brewery-549_53a84.jpeg
164,4705,Achel 8° Bruin,Brouwerij der Sint-Benedictusabdij de Achelse Kluis,https://untappd.akamaized.net/site/beer_logos/beer-Achel8Bruin_4705.jpeg,https://untappd.akamaized.net/site/brewery_logos/brewery-280_5636a.jpeg
165,9087,Gouden Carolus Classic,Brouwerij Het Anker,https://untappd.akamaized.net/site/beer_logos/beer-9087_5383c_sm.jpeg,https://untappd.akamaized.net/site/brewery_logos/brewery-284_c938f.jpeg
166,376,Kulmbacher Eisbock,Kulmbacher Brauerei,https://untappd.akamaized.net/site/beer_logos/beer-376_a04a3_sm.jpeg,https://untappd.akamaized.net/site/brewery_logos/brewery-KulmbacherBrauereiAG_757.jpeg
167,408,Oro de Calabaza,Jolly Pumpkin Artisan Ales,https://untappd.akamaized.net/site/beer_logos/beer-408_25e9c_sm.jpeg,https://untappd.akamaized.net/site/brewery_logos/brewery-723_3ea8e.jpeg
168,1246,Dorado Double IPA,Ballast Point Brewing Company,https://untappd.akamaized.net/site/beer_logos/beer-_1246_sm_d9e68725cc66958d3f3e15beefb600.jpeg,https://untappd.akamaized.net/site/brewery_logos/brewery-68_bcee7.jpeg
169,117064,Resin,Sixpoint Brewery,https://untappd.akamaized.net/site/beer_logos/beer-_117064_sm.jpeg,https://untappd.akamaized.net/site/brewery_logos/brewery-SixpointBrewery_1149.jpeg
170,38128,Weltenburger Asam Bock,Klosterbrauerei Weltenburg,https://untappd.akamaized.net/site/beer_logos/beer-38128_24195_sm.jpeg,https://untappd.akamaized.net/site/brewery_logos/brewery-KlosterbrauereiWeltenburg_9454.jpeg
171,19611,1845,Fuller's Brewery,https://untappd.akamaized.net/site/beer_logos/beer-19611_b67ab_sm.jpeg,https://untappd.akamaized.net/site/brewery_logos/brewery-3296_73351.jpeg
172,37623,Oude Gueuze Cuvée René,Brouwerij Lindemans,https://untappd.akamaized.net/site/beer_logos/beer-37623_c1650_sm.jpeg,https://untappd.akamaized.net/site/brewery_logos/brewery-288_5751c.jpeg
173,17904,Third Coast Old Ale,Bell's Brewery,https://untappd.akamaized.net/site/beer_logos/beer-17904_d42e8_sm.jpeg,https://untappd.akamaized.net/site/brewery_logos/brewery-2507_ad044.jpeg
174,6388,A Little Sumpin' Wild Ale,Lagunitas Brewing Company,https://untappd.akamaized.net/site/beer_logos/beer-ALittleSumpinWild_6388.jpeg,https://untappd.akamaized.net/site/brewery_logos/brewery-765_b53eb.jpeg
175,5391,75 Minute IPA,Dogfish Head Craft Brewery,https://untappd.akamaized.net/site/beer_logos/beer-5391_bf45a_sm.jpeg,https://untappd.akamaized.net/site/brewery_logos/brewery-459_75746.jpeg
176,4498,Damnation,Russian River Brewing Company,https://untappd.akamaized.net/site/beer_logos/beer-_4498_ae18d965b35376df84cc17db0c6b.jpeg,https://untappd.akamaized.net/site/brewery_logos/brewery-russianRiver.jpg
177,32167,G'Knight,Oskar Blues Brewery,https://untappd.akamaized.net/site/beer_logos/beer-32167_fc7d2_sm.jpeg,https://untappd.akamaized.net/site/brewery_logos/brewery-956_9066d.jpeg
178,5956,Finestkind IPA,Smuttynose Brewing Co.,https://untappd.akamaized.net/site/beer_logos/beer-5956_e65b3_sm.jpeg,https://untappd.akamaized.net/site/brewery_logos/brewery-1160_6bec5.jpeg
179,4886,Pumking,Southern Tier Brewing Company,https://untappd.akamaized.net/site/beer_logos/beer-4886_753be_sm.jpeg,https://untappd.akamaized.net/site/brewery_logos/brewery-4586_47eba.jpeg
180,44475,Harvest Ale (Matured in Calvados Casks),JW Lees and Co,https://untappd.akamaized.net/site/beer_logos/beer-44475_0e874_sm.jpeg,https://untappd.akamaized.net/site/brewery_logos/brewery-727_aebe1.jpeg
181,107,Carnegie Porter,Carlsberg Sverige,https://untappd.akamaized.net/site/beer_logos/beer-CarnegiePorter_107.jpeg,https://untappd.akamaized.net/site/brewery_logos/brewery-CarlsbergSverige_345.jpeg
182,2242226,Guinness Extra Stout,Guinness,https://untappd.akamaized.net/site/beer_logos/beer-2242226_c1c16_sm.jpeg,https://untappd.akamaized.net/site/brewery_logos/brewery-49_49cf6.jpeg
183,122537,Barrel Aged Imperial Stout,Schlafly - The Saint Louis Brewery,https://untappd.akamaized.net/site/beer_logos/beer-122537_e0c3c_sm.jpeg,https://untappd.akamaized.net/site/brewery_logos/brewery-schlaflybeerthesaintlouisbrewery_1092.jpeg
184,471,Aecht Schlenkerla Rauchbier - Märzen,"Schlenkerla (""Heller-Bräu"" Trum)",https://untappd.akamaized.net/site/beer_logos/beer-471_149a8_sm.jpeg,https://untappd.akamaized.net/site/brewery_logos/brewery-2001_78248.jpeg
185,2018,Petrus Aged Pale,Brouwerij De Brabandere,https://untappd.akamaized.net/site/beer_logos/beer-2018_5e6d4_sm.jpeg,https://untappd.akamaized.net/site/brewery_logos/brewery-brouwerijdebrabanderebavik_4571.jpeg
186,2240,Anchor Porter,Anchor Brewing Company,https://untappd.akamaized.net/site/beer_logos/beer-AnchorPorter_2240.jpeg,https://untappd.akamaized.net/site/brewery_logos/brewery-AnchorBrewingCompany_3891.jpeg
187,6807,Sofie,Goose Island Beer Co.,https://untappd.akamaized.net/site/beer_logos/beer-6807_0b68e_sm.jpeg,https://untappd.akamaized.net/site/brewery_logos/brewery-2898_7ee53.jpeg
188,4013,Indian Brown,Dogfish Head Craft Brewery,https://untappd.akamaized.net/site/beer_logos/beer-4013_42d21_sm.jpeg,https://untappd.akamaized.net/site/brewery_logos/brewery-459_75746.jpeg
189,1034,Grand Cru,Allagash Brewing Company,https://untappd.akamaized.net/site/beer_logos/beer-GrandCru_1034.jpeg,https://untappd.akamaized.net/site/brewery_logos/brewery-24_9c24f.jpeg
190,5975,Weisse / Hefe Weiße / Weissbier,Hacker-Pschorr,https://untappd.akamaized.net/site/beer_logos/beer-5975_fae98_sm.jpeg,https://untappd.akamaized.net/site/brewery_logos/brewery-280466_741fb.jpeg
191,3108,Skull Splitter,Orkney Brewery,https://untappd.akamaized.net/site/beer_logos/beer-SkullSplitter_3108.jpeg,https://untappd.akamaized.net/site/brewery_logos/brewery-OrkneyBrewery_953.jpeg
192,2716,Weihenstephaner Original,Bayerische Staatsbrauerei Weihenstephan,https://untappd.akamaized.net/site/beer_logos/beer-2716_4d78f_sm.jpeg,https://untappd.akamaized.net/site/brewery_logos/brewery-88_ae3c3.jpeg
193,865,Sticke,Uerige Obergärige Hausbrauerei,https://untappd.akamaized.net/site/beer_logos/beer-_865_sm_66c1d6d148a2ff359613467b9ea3be.jpeg,https://untappd.akamaized.net/site/brewery_logos/brewery-UerigeObergarigeHausbrauerei_3223.jpeg
194,8676,Landlord,Timothy Taylor's,https://untappd.akamaized.net/site/beer_logos/beer-8676_f27a8_sm.jpeg,https://untappd.akamaized.net/site/brewery_logos/brewery-2386_27914.jpeg
195,2731,Noël,Affligem Brouwerij,https://untappd.akamaized.net/site/beer_logos/beer-AffligemNoelChristmasAle_2731.jpeg,https://untappd.akamaized.net/site/brewery_logos/brewery-16791_45de1.jpeg
196,169434,VanderGhinste Roodbruin,Brouwerij Omer Vander Ghinste,https://untappd.akamaized.net/site/beer_logos/beer-VanderghinsteOudBruin_169434.jpeg,https://untappd.akamaized.net/site/brewery_logos/brewery-5213_890da.jpeg
197,857,XX-Bitter,Brouwerij De Ranke,https://untappd.akamaized.net/site/beer_logos/beer-857_dcddf_sm.jpeg,https://untappd.akamaized.net/site/brewery_logos/brewery-277_35c5e.jpeg
198,11827,Mein Grünes / Meine Festweisse / Wiesen Edel-Weisse (TAP4),Schneider Weisse G. Schneider & Sohn,https://untappd.akamaized.net/site/beer_logos/beer-_11827_sm_db3cbabf3b1f934475fe56355fbaea.jpeg,https://untappd.akamaized.net/site/brewery_logos/brewery-1023_f15bc.jpeg
199,24679,Ayinger Urweisse,Ayinger Privatbrauerei,https://untappd.akamaized.net/site/beer_logos/beer-24679_64626_sm.jpeg,https://untappd.akamaized.net/site/brewery_logos/brewery-10915_40d60.jpeg
200,7763,Imperial Stout,Smuttynose Brewing Co.,https://untappd.akamaized.net/site/beer_logos/beer-7763_af290_sm.jpeg,https://untappd.akamaized.net/site/brewery_logos/brewery-1160_6bec5.jpeg
201,10781,Salvation,Russian River Brewing Company,https://untappd.akamaized.net/site/beer_logos/beer-russianRiverSalvation.jpg,https://untappd.akamaized.net/site/brewery_logos/brewery-russianRiver.jpg
202,7651,St-Ambroise Oatmeal Stout (Noire à l’avoine),Brasserie McAuslan (St-Ambroise),https://untappd.akamaized.net/site/beer_logos/beer-StAmbroiseOatmealStout_7651.jpeg,https://untappd.akamaized.net/site/brewery_logos/brewery-brasseriemcauslanstambroise_198.jpeg
203,490277,Swami's IPA,Pizza Port Brewing Company,https://untappd.akamaized.net/site/beer_logos/beer-490277_44a1c_sm.jpeg,https://untappd.akamaized.net/site/brewery_logos/brewery-1534_f0f6d.jpeg
204,7539,N'Ice Chouffe,Brasserie d'Achouffe,https://untappd.akamaized.net/site/beer_logos/beer-7539_cd6d7_sm.jpeg,https://untappd.akamaized.net/site/brewery_logos/brewery-11866_217c7.jpeg
205,4520,Raison D'Extra,Dogfish Head Craft Brewery,https://untappd.akamaized.net/site/beer_logos/beer-4520_85f6c_sm.jpeg,https://untappd.akamaized.net/site/brewery_logos/brewery-459_75746.jpeg
206,221,Pater 6,Brouwerij St. Bernardus,https://untappd.akamaized.net/site/beer_logos/beer-221_5412b_sm.jpeg,https://untappd.akamaized.net/site/brewery_logos/brewery-296_72f92.jpeg
207,11561,Piraat,Brouwerij Van Steenberge,https://untappd.akamaized.net/site/beer_logos/beer-11561_d64dc_sm.jpeg,https://untappd.akamaized.net/site/brewery_logos/brewery-7778_2da8b.jpeg
208,4179,Hazelnut Brown Nectar,Rogue Ales,https://untappd.akamaized.net/site/beer_logos/beer-4179_d2219_sm.jpeg,https://untappd.akamaized.net/site/brewery_logos/brewery-4565_45182.jpeg
209,20254,Pissenlit,Brasserie Fantôme,https://untappd.akamaized.net/site/beer_logos/beer-20254_a20cb_sm.jpeg,https://untappd.akamaized.net/site/brewery_logos/brewery-3241_93f20.jpeg
210,4910,Final Absolution,Dragonmead Brewery,https://untappd.akamaized.net/site/beer_logos/beer-4910_adf31_sm.jpeg,https://untappd.akamaized.net/site/brewery_logos/brewery-DragonmeadMicrobrewery_463.jpeg
211,350,Arabier,Brouwerij De Dolle Brouwers,https://untappd.akamaized.net/site/beer_logos/beer-350_1cd1d_sm.jpeg,https://untappd.akamaized.net/site/brewery_logos/brewery-272_3f5a8.jpeg
212,145508,Nostradamus,Brasserie Caracole,https://untappd.akamaized.net/site/beer_logos/beer-145508_ac1c5_sm.jpeg,https://untappd.akamaized.net/site/brewery_logos/brewery-BrasserieCaracole_195.jpeg
213,1221,Horny Devil,AleSmith Brewing Company,https://untappd.akamaized.net/site/beer_logos/beer-1221_d39f9_sm.jpeg,https://untappd.akamaized.net/site/brewery_logos/brewery-2471_6bfa2.jpeg
214,404110,90/~ Wee Heavy,Belhaven Brewery,https://untappd.akamaized.net/site/beer_logos/beer-404110_3bf8d_sm.jpeg,https://untappd.akamaized.net/site/brewery_logos/brewery-BelhavenBrewery_98.jpeg
215,1573,Hitachino Nest White Ale,Kiuchi Brewery,https://untappd.akamaized.net/site/beer_logos/beer-HitachinoNestWhiteAle_1573.jpeg,https://untappd.akamaized.net/site/brewery_logos/brewery-KiuchiBrewery_1713.jpeg
216,11761,Olde GnarlyWine,Lagunitas Brewing Company,https://untappd.akamaized.net/site/beer_logos/beer-OldeGnarlyWine_11761.jpeg,https://untappd.akamaized.net/site/brewery_logos/brewery-765_b53eb.jpeg
217,12073,Samichlaus Classic,Schloss Eggenberg,https://untappd.akamaized.net/site/beer_logos/beer-SamichlausBier_12073.jpeg,https://untappd.akamaized.net/site/brewery_logos/brewery-1115_d1bdf.jpeg
218,6811,Nosferatu,Great Lakes Brewing Company,https://untappd.akamaized.net/site/beer_logos/beer-6811_a425f_sm.jpeg,https://untappd.akamaized.net/site/brewery_logos/brewery-3125_db24e.jpeg
219,2384,Rare Vos,Brewery Ommegang,https://untappd.akamaized.net/site/beer_logos/beer-2384_12db1_sm.jpeg,https://untappd.akamaized.net/site/brewery_logos/brewery-249_7b1c1.jpeg
220,6201,Stout,Sierra Nevada Brewing Co.,https://untappd.akamaized.net/site/beer_logos/beer-_6201_a9cbaa272cbad8a2756b48e5fdba.jpeg,https://untappd.akamaized.net/site/brewery_logos/brewery-1142_ddcfe.jpeg
221,201,Undercover Investigation Shut-Down Ale,Lagunitas Brewing Company,https://untappd.akamaized.net/site/beer_logos/beer-_201_sm_ac8820d05c7b51684b82d73afdff82.jpeg,https://untappd.akamaized.net/site/brewery_logos/brewery-765_b53eb.jpeg
222,20952,Grand Cru,AleSmith Brewing Company,https://untappd.akamaized.net/site/beer_logos/beer-GrandCru_20952.jpeg,https://untappd.akamaized.net/site/brewery_logos/brewery-2471_6bfa2.jpeg
223,15215,Oude Geuze (Vieille),Brouwerij Oud Beersel,https://untappd.akamaized.net/site/beer_logos/beer-_15215_sm_e93c404ce422cb80cb0dda1bede89f.jpeg,https://untappd.akamaized.net/site/brewery_logos/brewery-290_29247.jpeg
224,2066612,Coffeehouse Porter,Berkshire Brewing Company (B.B.C.),https://untappd.akamaized.net/site/beer_logos/beer-2066612_e0f87_sm.jpeg,https://untappd.akamaized.net/site/brewery_logos/brewery-1999_13081.jpeg
225,30,Cutthroat Porter,Odell Brewing Co.,https://untappd.akamaized.net/site/beer_logos/beer-odellCutthroatPorter.jpg,https://untappd.akamaized.net/site/brewery_logos/brewery-OdellBrewingCo_7296.jpeg
226,9954,Gumballhead,3 Floyds Brewing Company,https://untappd.akamaized.net/site/beer_logos/beer-threefloydsGumballhead.jpg,https://untappd.akamaized.net/site/brewery_logos/brewery-2470_fbcd9.jpeg
227,5455,ESB,Fuller's Brewery,https://untappd.akamaized.net/site/beer_logos/beer-5455_4524a_sm.jpeg,https://untappd.akamaized.net/site/brewery_logos/brewery-3296_73351.jpeg
228,71016,Perpetual IPA,Tröegs Independent Brewing,https://untappd.akamaized.net/site/beer_logos/beer-71016_931ae_sm.jpeg,https://untappd.akamaized.net/site/brewery_logos/brewery-2583_46be7.jpeg
229,3830,Storm King,Victory Brewing Company,https://untappd.akamaized.net/site/beer_logos/beer-3830_cd03c_sm.jpeg,https://untappd.akamaized.net/site/brewery_logos/brewery-1326_4578e.jpeg
230,123662,Dragon's Milk,New Holland Brewing ,https://untappd.akamaized.net/site/beer_logos/beer-123662_032b5_sm.jpeg,https://untappd.akamaized.net/site/brewery_logos/brewery-NewHollandBrewingCompany_908.jpeg
231,15677,Paulaner Hefe-Weizen / Hefe-Weißbier Naturtrüb / Natural Wheat,Paulaner Brauerei,https://untappd.akamaized.net/site/beer_logos/beer-15677_d45b1_sm.jpeg,https://untappd.akamaized.net/site/brewery_logos/brewery-PaulanerBrauereiGmbHCo_972.jpeg
232,5374,Kellerweis,Sierra Nevada Brewing Co.,https://untappd.akamaized.net/site/beer_logos/beer-sierraNevadaKellerweis.jpg,https://untappd.akamaized.net/site/brewery_logos/brewery-1142_ddcfe.jpeg
233,2447,Big Eye,Ballast Point Brewing Company,https://untappd.akamaized.net/site/beer_logos/beer-_2447_sm_3f30697720fe62f2769e568febad87.jpeg,https://untappd.akamaized.net/site/brewery_logos/brewery-68_bcee7.jpeg
234,14564,Franziskaner Premium Weissbier Naturtrüb,Spaten-Franziskaner-Löwenbräu-Gruppe,https://untappd.akamaized.net/site/beer_logos/beer-14564_16384_sm.jpeg,https://untappd.akamaized.net/site/brewery_logos/brewery-SpatenFranziskanerBrau_1176.jpeg
235,4740,Brown Shugga',Lagunitas Brewing Company,https://untappd.akamaized.net/site/beer_logos/beer-4740_f4ee9_sm.jpeg,https://untappd.akamaized.net/site/brewery_logos/brewery-765_b53eb.jpeg
236,1013,Dirty Bastard,Founders Brewing Co.,https://untappd.akamaized.net/site/beer_logos/beer-1013_bac4c_sm.jpeg,https://untappd.akamaized.net/site/brewery_logos/brewery-549_53a84.jpeg
237,1540,Pranqster,North Coast Brewing Company,https://untappd.akamaized.net/site/beer_logos/beer-Pranqster_1540.jpg,https://untappd.akamaized.net/site/brewery_logos/brewery-NorthCoastBrewingCompany_919_d2110.jpeg
238,372,Matilda,Goose Island Beer Co.,https://untappd.akamaized.net/site/beer_logos/beer-372_bdda4_sm.jpeg,https://untappd.akamaized.net/site/brewery_logos/brewery-2898_7ee53.jpeg
239,42128,Curmudgeon Old Ale,Founders Brewing Co.,https://untappd.akamaized.net/site/beer_logos/beer-FoundersOldComudgen.jpg,https://untappd.akamaized.net/site/brewery_logos/brewery-549_53a84.jpeg
240,3820,Prima Pils,Victory Brewing Company,https://untappd.akamaized.net/site/beer_logos/beer-3820_345da_sm.jpeg,https://untappd.akamaized.net/site/brewery_logos/brewery-1326_4578e.jpeg
241,130571,Young's Double Chocolate Stout,Eagle Brewery (formerly Charles Wells),https://untappd.akamaized.net/site/beer_logos/beer-130571_147d9_sm.jpeg,https://untappd.akamaized.net/site/brewery_logos/brewery-1348_2ff7c.jpeg
242,6284,Pale Ale,Sierra Nevada Brewing Co.,https://untappd.akamaized.net/site/beer_logos/beer-6284_5418f_sm.jpeg,https://untappd.akamaized.net/site/brewery_logos/brewery-1142_ddcfe.jpeg
243,5742,2XIPA,Southern Tier Brewing Company,https://untappd.akamaized.net/site/beer_logos/beer-5742_62ce3_sm.jpeg,https://untappd.akamaized.net/site/brewery_logos/brewery-4586_47eba.jpeg
244,4743,Old Chub,Oskar Blues Brewery,https://untappd.akamaized.net/site/beer_logos/beer-4743_b5921_sm.jpeg,https://untappd.akamaized.net/site/brewery_logos/brewery-956_9066d.jpeg
245,4473,Guinness Draught,Guinness,https://untappd.akamaized.net/site/beer_logos/beer-4473_1cbe8_sm.jpeg,https://untappd.akamaized.net/site/brewery_logos/brewery-49_49cf6.jpeg
246,555987,Hop Nosh IPA,Uinta Brewing Company,https://untappd.akamaized.net/site/beer_logos/beer-555987_31fb4_sm.jpeg,https://untappd.akamaized.net/site/brewery_logos/brewery-1304_8f419.jpeg
247,18311,Loose Cannon,Heavy Seas Beer,https://untappd.akamaized.net/site/beer_logos/beer-18311_41f01_sm.jpeg,https://untappd.akamaized.net/site/brewery_logos/brewery-385_de705.jpeg
248,4134,Kalamazoo Stout,Bell's Brewery,https://untappd.akamaized.net/site/beer_logos/beer-4134_767af_sm.jpeg,https://untappd.akamaized.net/site/brewery_logos/brewery-2507_ad044.jpeg
249,5771,Maximus,Lagunitas Brewing Company,https://untappd.akamaized.net/site/beer_logos/beer-5771_1adab_sm.jpeg,https://untappd.akamaized.net/site/brewery_logos/brewery-765_b53eb.jpeg
250,1507,Milk Stout,Left Hand Brewing Company,https://untappd.akamaized.net/site/beer_logos/beer-_1507_6141118d6fd37055bc992cfa5618.jpeg,https://untappd.akamaized.net/site/brewery_logos/brewery-779_9fb2f.jpeg
